{"client_meta":{"background_color":{"r":0.11764705926179886,"g":0.11764705926179886,"b":0.11764705926179886,"a":1},"thumbnail_size":{"width":400,"height":353},"render_coordinates":{"x":0,"y":0,"width":1408,"height":1244}},"file_name":"Personal Finance App Design","developer_related_links":[],"exported_at":"2026-07-14T16:46:06.436Z"}